project_name,domain,project_type,algorithm,dataset,difficulty,description
AI Student Performance Prediction,Education,Prediction,Random Forest,Student Performance Dataset,Beginner,Predict student performance using academic information
Student Attendance Prediction,Education,Prediction,Random Forest,Attendance Dataset,Beginner,Predict attendance patterns
Student Placement Prediction,Education,Classification,Random Forest,Placement Dataset,Intermediate,Predict placement chances using academic and skill data
Personalized Learning Recommendation,Education,Recommendation,Content Based Filtering,Student Course Dataset,Intermediate,Recommend learning resources to students
Exam Score Prediction,Education,Regression,Linear Regression,Student Marks Dataset,Beginner,Predict examination scores
College Admission Prediction,Education,Classification,Logistic Regression,Admission Dataset,Beginner,Predict admission chances
Dropout Prediction,Education,Classification,Random Forest,Student Dropout Dataset,Intermediate,Identify students at risk of dropping out
Course Recommendation System,Education,Recommendation,Content Based Filtering,Course Dataset,Intermediate,Recommend suitable courses
Student Skill Analysis,Education,Data Analysis,Pandas,Student Skill Dataset,Beginner,Analyze student skills and performance
AI Career Recommendation,Education,Recommendation,Content Based Filtering,Career Dataset,Intermediate,Recommend career paths based on skills
Fake News Detection,Cyber Security,NLP,TF-IDF Logistic Regression,Fake News Dataset,Intermediate,Classify news as real or fake
Spam Email Detection,Cyber Security,Classification,Naive Bayes,Spam Email Dataset,Beginner,Detect spam emails
Phishing Website Detection,Cyber Security,Classification,Random Forest,Phishing Dataset,Intermediate,Detect potentially dangerous websites
Network Intrusion Detection,Cyber Security,Classification,Random Forest,Network Traffic Dataset,Advanced,Detect suspicious network traffic
Credit Card Fraud Detection,Cyber Security,Classification,Random Forest,Fraud Dataset,Intermediate,Detect fraudulent transactions
Malware Classification,Cyber Security,Classification,Random Forest,Malware Dataset,Advanced,Classify malware activities
Password Strength Prediction,Cyber Security,Classification,Logistic Regression,Password Dataset,Beginner,Estimate password strength
Cyber Attack Prediction,Cyber Security,Prediction,Random Forest,Cyber Attack Dataset,Advanced,Analyze and predict cyber attacks
Email Threat Detection,Cyber Security,NLP,TF-IDF Logistic Regression,Security Email Dataset,Intermediate,Detect suspicious email content
Botnet Detection,Cyber Security,Classification,Random Forest,Network Dataset,Advanced,Identify possible botnet traffic
Heart Disease Prediction,Healthcare,Classification,Random Forest,Heart Disease Dataset,Beginner,Predict heart disease risk
Diabetes Prediction,Healthcare,Classification,Logistic Regression,Diabetes Dataset,Beginner,Predict diabetes risk
Breast Cancer Classification,Healthcare,Classification,Random Forest,Breast Cancer Dataset,Intermediate,Classify medical data
Medical Appointment Prediction,Healthcare,Prediction,Random Forest,Medical Appointment Dataset,Intermediate,Predict appointment attendance
Patient Readmission Prediction,Healthcare,Classification,Random Forest,Hospital Dataset,Advanced,Predict patient readmission risk
Hospital Resource Prediction,Healthcare,Prediction,Random Forest,Hospital Resource Dataset,Advanced,Predict hospital resource requirements
Disease Risk Analysis,Healthcare,Classification,Logistic Regression,Disease Dataset,Intermediate,Analyze disease risk factors
Medicine Recommendation,Healthcare,Recommendation,Content Based Filtering,Medicine Dataset,Advanced,Recommend medicines based on provided attributes
Medical Text Classification,Healthcare,NLP,TF-IDF Logistic Regression,Medical Text Dataset,Advanced,Classify medical text
Health Data Visualization,Healthcare,Data Analysis,Pandas,Healthcare Dataset,Beginner,Analyze healthcare data visually
Crop Disease Detection,Agriculture,Computer Vision,CNN,Plant Leaf Dataset,Advanced,Detect diseases from crop leaf images
Crop Yield Prediction,Agriculture,Prediction,Random Forest,Crop Yield Dataset,Intermediate,Predict crop yield
Smart Irrigation Prediction,Agriculture,Prediction,Random Forest,Soil Moisture Dataset,Intermediate,Predict irrigation requirements
Soil Quality Classification,Agriculture,Classification,Random Forest,Soil Dataset,Intermediate,Classify soil quality
Crop Recommendation System,Agriculture,Recommendation,Random Forest,Crop Recommendation Dataset,Intermediate,Recommend suitable crops
Fertilizer Recommendation,Agriculture,Recommendation,Random Forest,Fertilizer Dataset,Intermediate,Recommend suitable fertilizers
Plant Species Classification,Agriculture,Classification,Random Forest,Plant Dataset,Intermediate,Classify plant species
Agricultural Price Prediction,Agriculture,Regression,Random Forest,Agriculture Price Dataset,Intermediate,Predict crop prices
Farm Productivity Analysis,Agriculture,Data Analysis,Pandas,Farm Dataset,Beginner,Analyze farm productivity
Weather Based Crop Prediction,Agriculture,Prediction,Random Forest,Weather Crop Dataset,Intermediate,Analyze weather for crop prediction
House Price Prediction,Finance,Regression,Linear Regression,House Price Dataset,Beginner,Predict house prices
Loan Approval Prediction,Finance,Classification,Random Forest,Loan Dataset,Beginner,Predict loan approval
Loan Default Prediction,Finance,Classification,Random Forest,Loan Default Dataset,Intermediate,Predict loan default risk
Stock Price Prediction,Finance,Regression,Random Forest,Stock Market Dataset,Advanced,Predict stock prices
Credit Score Prediction,Finance,Regression,Random Forest,Credit Dataset,Intermediate,Predict credit score
Insurance Claim Prediction,Finance,Classification,Random Forest,Insurance Dataset,Intermediate,Predict insurance claims
Customer Credit Risk,Finance,Classification,Logistic Regression,Credit Risk Dataset,Intermediate,Analyze credit risk
Financial Fraud Detection,Finance,Classification,Random Forest,Financial Transaction Dataset,Advanced,Detect financial fraud
Bank Customer Segmentation,Finance,Clustering,K Means,Banking Dataset,Intermediate,Group bank customers
Personal Finance Analysis,Finance,Data Analysis,Pandas,Personal Finance Dataset,Beginner,Analyze financial spending
Smart Traffic Prediction,Transportation,Prediction,Random Forest,Traffic Dataset,Intermediate,Predict traffic congestion
Road Pothole Detection,Transportation,Computer Vision,CNN,Pothole Image Dataset,Advanced,Detect potholes from road images
Accident Risk Prediction,Transportation,Classification,Random Forest,Traffic Accident Dataset,Intermediate,Predict accident risk
Traffic Sign Recognition,Transportation,Computer Vision,CNN,Traffic Sign Dataset,Advanced,Recognize road traffic signs
Vehicle Price Prediction,Transportation,Regression,Random Forest,Vehicle Dataset,Intermediate,Predict vehicle prices
Vehicle Classification,Transportation,Computer Vision,CNN,Vehicle Image Dataset,Advanced,Classify vehicles
Parking Space Detection,Transportation,Computer Vision,CNN,Parking Image Dataset,Advanced,Detect available parking spaces
Route Recommendation System,Transportation,Recommendation,Content Based Filtering,Route Dataset,Intermediate,Recommend suitable travel routes
Public Transport Demand Prediction,Transportation,Prediction,Random Forest,Transport Dataset,Advanced,Predict public transport demand
Driver Behavior Classification,Transportation,Classification,Random Forest,Driving Dataset,Advanced,Classify driver behavior
Smart Home Energy Prediction,IoT,Prediction,Random Forest,Energy Dataset,Intermediate,Predict household energy consumption
IoT Temperature Monitoring,IoT,Data Analysis,Pandas,Temperature Sensor Dataset,Beginner,Analyze temperature sensor data
IoT Device Failure Prediction,IoT,Prediction,Random Forest,IoT Sensor Dataset,Advanced,Predict device failures
Smart Water Monitoring,IoT,Data Analysis,Pandas,Water Sensor Dataset,Beginner,Monitor water usage
Smart Parking IoT,IoT,Classification,Random Forest,Parking Sensor Dataset,Intermediate,Detect parking availability
Air Quality Monitoring,Environment,Data Analysis,Pandas,Air Quality Dataset,Beginner,Analyze air pollution levels
Air Quality Prediction,Environment,Prediction,Random Forest,Air Quality Dataset,Intermediate,Predict air pollution
Rainfall Prediction,Environment,Prediction,Random Forest,Weather Dataset,Intermediate,Predict rainfall
Flood Risk Prediction,Environment,Classification,Random Forest,Flood Dataset,Advanced,Predict flood risk
Water Quality Classification,Environment,Classification,Random Forest,Water Quality Dataset,Intermediate,Classify water quality
Waste Classification,Environment,Computer Vision,CNN,Waste Image Dataset,Advanced,Classify waste materials
Plastic Waste Detection,Environment,Computer Vision,CNN,Waste Image Dataset,Advanced,Detect plastic waste
Temperature Forecasting,Environment,Regression,Random Forest,Weather Dataset,Intermediate,Forecast temperature
Solar Energy Prediction,Environment,Regression,Random Forest,Solar Energy Dataset,Intermediate,Predict solar energy generation
Environmental Data Analysis,Environment,Data Analysis,Pandas,Environmental Dataset,Beginner,Analyze environmental conditions
Customer Churn Prediction,Business,Classification,Random Forest,Customer Churn Dataset,Intermediate,Predict customer churn
Customer Segmentation,Business,Clustering,K Means,Customer Dataset,Intermediate,Group customers by behavior
Sales Forecasting,Business,Prediction,Random Forest,Sales Dataset,Intermediate,Forecast sales
Customer Satisfaction Prediction,Business,Classification,Random Forest,Customer Survey Dataset,Intermediate,Predict customer satisfaction
Employee Attrition Prediction,Business,Classification,Random Forest,Employee Dataset,Intermediate,Predict employee attrition
Employee Performance Prediction,Business,Prediction,Random Forest,Employee Performance Dataset,Intermediate,Predict employee performance
Market Basket Analysis,Business,Clustering,K Means,Transaction Dataset,Intermediate,Analyze purchasing patterns
Business Sales Analysis,Business,Data Analysis,Pandas,Sales Dataset,Beginner,Analyze business sales
Product Demand Prediction,Business,Prediction,Random Forest,Product Sales Dataset,Intermediate,Predict product demand
Business Performance Dashboard,Business,Data Analysis,Pandas,Business Dataset,Beginner,Create a business analytics dashboard
Product Review Sentiment Analysis,E-Commerce,NLP,TF-IDF Logistic Regression,Product Review Dataset,Intermediate,Analyze customer review sentiment
Product Recommendation System,E-Commerce,Recommendation,Content Based Filtering,Product Dataset,Intermediate,Recommend products to users
Customer Purchase Prediction,E-Commerce,Prediction,Random Forest,Customer Purchase Dataset,Intermediate,Predict customer purchases
Online Shopping Fraud Detection,E-Commerce,Classification,Random Forest,E-Commerce Transaction Dataset,Advanced,Detect suspicious online transactions
Product Price Prediction,E-Commerce,Regression,Random Forest,Product Price Dataset,Intermediate,Predict product prices
Customer Review Classification,E-Commerce,NLP,TF-IDF Logistic Regression,Review Dataset,Intermediate,Classify customer reviews
E-Commerce Customer Segmentation,E-Commerce,Clustering,K Means,E-Commerce Customer Dataset,Intermediate,Segment online customers
Shopping Cart Analysis,E-Commerce,Data Analysis,Pandas,Shopping Dataset,Beginner,Analyze shopping behavior
Movie Recommendation System,Entertainment,Recommendation,Content Based Filtering,MovieLens Dataset,Intermediate,Recommend movies
Music Recommendation System,Entertainment,Recommendation,Content Based Filtering,Music Dataset,Intermediate,Recommend music
Movie Genre Classification,Entertainment,Classification,Random Forest,Movie Dataset,Intermediate,Classify movie genres
Song Popularity Prediction,Entertainment,Regression,Random Forest,Music Dataset,Intermediate,Predict song popularity
Book Recommendation System,Entertainment,Recommendation,Content Based Filtering,Book Dataset,Beginner,Recommend books
Movie Review Sentiment Analysis,Entertainment,NLP,TF-IDF Logistic Regression,Movie Review Dataset,Intermediate,Analyze movie reviews
Sports Player Performance Prediction,Sports,Prediction,Random Forest,Sports Statistics Dataset,Intermediate,Predict player performance
Cricket Score Prediction,Sports,Regression,Random Forest,Cricket Dataset,Intermediate,Predict cricket scores
Football Match Prediction,Sports,Classification,Random Forest,Football Dataset,Advanced,Predict football match outcomes
Player Injury Prediction,Sports,Classification,Random Forest,Sports Injury Dataset,Advanced,Predict injury risk
Team Performance Analysis,Sports,Data Analysis,Pandas,Sports Dataset,Beginner,Analyze team performance
Sports Player Recommendation,Sports,Recommendation,Content Based Filtering,Player Dataset,Intermediate,Recommend suitable players
Match Result Prediction,Sports,Classification,Random Forest,Match Dataset,Intermediate,Predict match results
Game Performance Analysis,Sports,Data Analysis,Pandas,Game Statistics Dataset,Beginner,Analyze sports game statistics
Energy Consumption Prediction,Energy,Prediction,Random Forest,Energy Dataset,Intermediate,Predict energy consumption
Electricity Demand Forecasting,Energy,Regression,Random Forest,Electricity Dataset,Advanced,Forecast electricity demand
Solar Power Prediction,Energy,Regression,Random Forest,Solar Dataset,Intermediate,Predict solar power generation
Wind Energy Prediction,Energy,Prediction,Random Forest,Wind Energy Dataset,Intermediate,Predict wind energy production
Battery Health Prediction,Energy,Prediction,Random Forest,Battery Dataset,Advanced,Predict battery health
Power Consumption Analysis,Energy,Data Analysis,Pandas,Power Consumption Dataset,Beginner,Analyze power consumption
EV Charging Demand Prediction,Energy,Prediction,Random Forest,EV Charging Dataset,Advanced,Predict electric vehicle charging demand
Electric Vehicle Range Prediction,Energy,Regression,Random Forest,EV Dataset,Intermediate,Predict EV driving range
EV Battery Failure Prediction,Energy,Classification,Random Forest,EV Battery Dataset,Advanced,Predict battery failure
Smart Grid Load Prediction,Energy,Prediction,Random Forest,Smart Grid Dataset,Advanced,Predict smart grid load